GK4S7M8YZH2LNP,10.1.4.84,mary.brown,ssh,assword:,7nhnlqqz,#,environment more false
2RDKL5O79D7D4A,10.1.4.247,robert.brown,ssh,assword:,EwDtdTbN
4NLV-RVZE9BNYN,10.1.4.29,elizabeth.wilson,ssh,assword:,fcxZ8LCnk
18C078OSOTZ-3U,10.1.4.136,jennifer.anderson,ssh,assword:,MEo2zu0n,#,environment more false
5NPV-GK24B4N8U,10.1.4.59,linda.wilson,ssh,assword:,d3Hfyoz2M,#,environment more false
RH8CGYS95T1PRR,10.1.4.134,patricia.miller,ssh,assword:,zxrffshb,#,environment more false
FPFUC1ZQ3H4VMN,10.1.4.65,mary.williams,ssh,assword:,MNfuJlXdh
WMI93BX9-RJG7W,10.1.4.188,mary.anderson,ssh,assword:,6JZoIlEgC
WCB-PKS73-7502,10.1.4.58,jennifer.moore,ssh,assword:,l0AmerbXAU
RUGIP42FELMDGK,10.1.4.254,default,ssh,assword:,8
Q1J9SOTRB3VDF3,10.1.4.31,john.smith,ssh,assword:,ge38QdUe0
TTP6RHT25QOH2U,10.1.4.156,patricia.taylor,ssh,assword:,H92cETEQzc,#,terminal length 0
2-HJOQXL3DE2PH,10.1.4.249,default,ssh,assword:,2,#,terminal length 0
4QF-JXCRYVKOF4,10.1.4.234,john.davis,telnet,assword:,LjjQvoB3w
OZCADL1PUPKHHM,10.1.4.50,jennifer.jones,ssh,assword:,5YydadjXj,#,terminal length 0
PZKK6BO2QN6EZ-,10.1.4.52,michael.williams,ssh,assword:,kYS4rii1
FTJML03ZK3Y0UN,10.1.4.105,default,ssh,assword:,default,#,terminal length 0
OBGRDTSH0P7DHB,10.1.4.133,linda.anderson,ssh,assword:,2AcD0uzQ,#,environment more false
PJW4O0RVW90JWQ,10.1.4.242,linda.anderson,ssh,assword:,RCjUB6Rw5P
UTNE1Y6MQ6LUD3,10.1.4.247,william.davis,ssh,assword:,catKp9oM0,#,terminal length 0
